Section,Page Title,URL,Description,Priority,Featured,Tags,Pillar,Industry,Client
Main Pages,Home,https://gtmstack.pro/,Professional GTM strategy marketing operations and revenue growth expertise. Portfolio and capabilities overview.,1.0,No,,,
Main Pages,About,https://gtmstack.pro/about,Background experience and approach to GTM strategy and marketing operations.,0.7,No,,,
Main Pages,Expertise,https://gtmstack.pro/expertise,Comprehensive overview of marketing and GTM capabilities across strategy systems content and growth.,0.9,No,,,
Main Pages,Industries,https://gtmstack.pro/industries,Industry-specific GTM expertise and proven results across B2B SaaS FinTech Healthcare Manufacturing and more.,0.9,No,,,
Main Pages,Case Studies,https://gtmstack.pro/case-studies,Real-world examples of GTM transformations ABM launches and revenue operations improvements.,0.9,No,,,
Main Pages,Case Studies - AI Visualizations,https://gtmstack.pro/case-studies/ai-visualizations,Interactive AI-powered visualizations and demonstrations.,0.6,No,,,
Main Pages,Blog,https://gtmstack.pro/blog,Insights articles and thought leadership on GTM strategy marketing operations and revenue growth.,0.8,No,,,
Main Pages,Gallery,https://gtmstack.pro/gallery,Visual showcase of work projects and creative outputs.,0.8,No,,,
Main Pages,Projects,https://gtmstack.pro/projects,Featured projects and portfolio pieces demonstrating GTM capabilities.,0.6,No,,,
Main Pages,Resume,https://gtmstack.pro/resume,Professional background and career history.,0.5,No,,,
Main Pages,Contact,https://gtmstack.pro/contact,Get in touch for consulting collaboration or speaking opportunities.,0.6,No,,,
Expertise Pillars,Content & Engagement,https://gtmstack.pro/expertise/content-engagement,Strategic content development engagement frameworks and narrative systems that drive buyer action.,0.85,No,,Content & Engagement,
Expertise Pillars,Demand & Growth,https://gtmstack.pro/expertise/demand-growth,Scalable demand generation pipeline creation and growth marketing systems.,0.85,No,,Demand & Growth,
Expertise Pillars,Strategy & Insights,https://gtmstack.pro/expertise/strategy-insights,GTM strategy market intelligence and data-driven decision frameworks.,0.85,No,,Strategy & Insights,
Expertise Pillars,Systems & Operations,https://gtmstack.pro/expertise/systems-operations,Marketing operations technology stack optimization and operational excellence.,0.85,No,,Systems & Operations,
Expertise Topics,Account-Based Marketing (ABM),https://gtmstack.pro/expertise/account-based-marketing,Designing precision GTM systems focused on winning high-value accounts through coordinated sales + marketing plays multithreaded engagement and intelligence-driven personalization at scale.,0.75,Yes,ABM | Account-Based | 6Sense | Demandbase,Strategy & Insights,
Expertise Topics,Attribution & Measurement,https://gtmstack.pro/expertise/attribution-and-measurement,Building accurate trustworthy measurement systems that reveal which channels messages and plays actually drive revenue—enabling better decisions smarter budgets and predictive insights.,0.75,No,,,
Expertise Topics,BI & Data Engineering (GTM-Focused),https://gtmstack.pro/expertise/bi-data-engineering,Designing and maintaining the data pipelines models and BI infrastructure required to power accurate GTM reporting predictive insights and AI-driven decision-making.,0.75,No,,,
Expertise Topics,AI in Marketing,https://gtmstack.pro/expertise/ai-in-marketing,Integrating AI automation and agentic systems into the marketing engine to dramatically improve speed personalization insight and operational efficiency.,0.75,No,,,
Expertise Topics,Content Marketing,https://gtmstack.pro/expertise/content-marketing,Building authoritative structured content systems that fuel both human audiences and AI discovery engines positioning the brand as the definitive voice in its category.,0.75,No,,,
Expertise Topics,Content Strategy Systems,https://gtmstack.pro/expertise/content-strategy-systems,Building scalable structured content ecosystems—frameworks taxonomies templates and workflows—that power consistent storytelling AI discoverability and multi-channel execution.,0.75,No,,,
Expertise Topics,Channel Partner Marketing,https://gtmstack.pro/expertise/channel-partner-marketing,Equipping enabling and activating partners through co-marketing joint campaigns and shared GTM motions that expand market reach and accelerate revenue.,0.75,No,,,
Expertise Topics,Customer Experience (CX),https://gtmstack.pro/expertise/customer-experience,Designing seamless end-to-end customer journeys that maximize retention loyalty and long-term revenue through experience-led growth.,0.75,Yes,CX | Customer Experience | Journey,Strategy & Insights,
Expertise Topics,Customer Marketing,https://gtmstack.pro/expertise/customer-marketing,Deepening customer value accelerating expansion and strengthening loyalty through targeted programs that activate educate and mobilize existing customers.,0.75,No,,,
Expertise Topics,Data Governance,https://gtmstack.pro/expertise/data-governance,Ensuring GTM Sales and Marketing systems operate on trusted high-quality data that fuels accurate reporting effective automation and reliable AI-driven decisions.,0.75,No,,,
Expertise Topics,Demand Generation,https://gtmstack.pro/expertise/demand-generation,Building predictable scalable pipeline through orchestrated multi-channel programs precision targeting and data-backed optimization across the full funnel.,0.75,No,,,
Expertise Topics,Digital Marketing,https://gtmstack.pro/expertise/digital-marketing,Modern digital marketing blends creative narrative data-driven optimization and orchestration across paid organic social and web channels to generate measurable growth.,0.75,No,,,
Expertise Topics,Email Marketing & Nurture,https://gtmstack.pro/expertise/email-marketing,Email programs that convert. Lifecycle sequences segmentation and automation that move buyers through the funnel.,0.75,Yes,Email | Nurture | Automation,Content & Engagement,
Expertise Topics,Event Marketing & Webinars,https://gtmstack.pro/expertise/event-marketing,Events that generate pipeline. Virtual and in-person event programs webinars and field marketing that drive qualified leads.,0.75,No,Events | Webinars | Field Marketing,Demand & Growth,
Expertise Topics,Event Marketing & Field Marketing,https://gtmstack.pro/expertise/event-field-marketing,Creating high-impact in-person and virtual experiences that build relationships accelerate deals and drive measurable revenue through targeted field and event activation.,0.75,No,,,
Expertise Topics,Growth Marketing,https://gtmstack.pro/expertise/growth-marketing,Driving accelerated experimental data-driven growth across acquisition activation retention and expansion using rapid iteration and measurable optimization frameworks.,0.75,No,,,
Expertise Topics,Lifecycle Marketing,https://gtmstack.pro/expertise/lifecycle-marketing,Designing and orchestrating end-to-end customer journeys that drive acquisition onboarding product adoption expansion and retention with measurable impact on NRR and churn.,0.75,No,,,
Expertise Topics,Marketing Automation,https://gtmstack.pro/expertise/marketing-automation,Marketing automation platforms that scale. Marketo Eloqua Pardot and HubSpot implementations that automate the revenue journey.,0.75,Yes,Marketo | Eloqua | Pardot | HubSpot,Systems & Operations,
Expertise Topics,Marketing Analytics & Reporting,https://gtmstack.pro/expertise/marketing-analytics-reporting,Turning disconnected data into a unified intelligence layer that gives leaders real-time visibility into pipeline performance and ROI across every GTM motion.,0.75,No,,,
Expertise Topics,Marketing Operations,https://gtmstack.pro/expertise/marketing-operations,Building the operational backbone of modern marketing: data processes platforms and governance that enable scalable predictable revenue execution.,0.75,No,,,
Expertise Topics,MarTech Optimization,https://gtmstack.pro/expertise/martech-optimization,Transforming a noisy underutilized marketing tech stack into a lean integrated ecosystem that accelerates revenue instead of dragging it down.,0.75,No,,,
Expertise Topics,Omnichannel Marketing,https://gtmstack.pro/expertise/omnichannel-marketing,Coordinated campaigns across channels. Unified messaging and orchestration that delivers consistent buyer experiences.,0.75,No,Omnichannel | Campaigns | Orchestration,Content & Engagement,
Expertise Topics,Paid Advertising,https://gtmstack.pro/expertise/paid-advertising,Driving high-quality demand through coordinated performance media systems that align channels creative and targeting to measurable pipeline and revenue impact.,0.75,No,,,
Expertise Topics,Paid Advertising & SEM,https://gtmstack.pro/expertise/paid-advertising-sem,Paid campaigns that deliver ROI. Google Ads LinkedIn Ads and retargeting programs optimized for pipeline contribution.,0.75,No,Paid Ads | SEM | PPC,Demand & Growth,
Expertise Topics,Product Marketing,https://gtmstack.pro/expertise/product-marketing,Positioning messaging & go-to-market plays that turn features into revenue.,0.75,No,Gong | Highspot | Productboard | Amplitude | LaunchDarkly,Strategy & Insights,
Expertise Topics,Revenue Operations (RevOps),https://gtmstack.pro/expertise/revenue-operations,Aligning Sales Marketing and Finance around a unified revenue engine with shared data processes and forecasts that turn strategy into predictable growth.,0.75,No,,,
Expertise Topics,Search Engine Optimization (SEO),https://gtmstack.pro/expertise/search-engine-optimization,Using search and discovery as a strategic growth channel by combining technical SEO content strategy and now generative engine optimization (GEO) for AI-driven results.,0.75,No,,,
Expertise Topics,Sales Enablement,https://gtmstack.pro/expertise/sales-enablement,Sales enablement that accelerates deals. Content libraries playbooks and tools that reduce sales cycles and improve win rates.,0.75,No,Sales Enablement | Seismic | Content,Systems & Operations,
Expertise Topics,Sales Enablement & Alignment,https://gtmstack.pro/expertise/sales-enablement-alignment,Aligning Sales and Marketing through shared messaging playbooks intelligence and operational cadences that increase win rates and accelerate pipeline.,0.75,No,,,
Expertise Topics,Social Media,https://gtmstack.pro/expertise/social-media,Driving awareness engagement and brand authority across organic and paid social channels through structured content frameworks community signals and narrative consistency.,0.75,No,,,
Expertise Topics,Social Media Marketing,https://gtmstack.pro/expertise/social-media-marketing,B2B social that builds brand and drives demand. LinkedIn Twitter and community strategies that generate qualified leads.,0.75,No,Social Media | LinkedIn | Community,Content & Engagement,
Expertise Topics,Video Marketing & Webinars,https://gtmstack.pro/expertise/video-marketing,Video content that educates and converts. Webinar programs video series and interactive content that accelerates buyer decisions.,0.75,No,Video | Webinars | ON24,Content & Engagement,
Industries,B2B SaaS,https://gtmstack.pro/industries/b2b-saas,Revenue milestones from seed to scale. PLG motions enterprise enablement and expansion strategies that compound.,0.75,Yes,PLG | Enterprise Sales | Freemium | Expansion Revenue,,B2B SaaS,
Industries,FinTech & Payments,https://gtmstack.pro/industries/fintech,Digital trust + precision GTM for FinTech firms navigating regulation and long sales cycles.,0.75,Yes,Compliance | Payments | Banking | Trust Marketing,,FinTech,
Industries,Financial Services,https://gtmstack.pro/industries/financial-services,Helping financial institutions modernize acquisition risk management operational efficiency and customer experience through data-driven GTM systems.,0.75,No,Financial Services | Banking | Compliance | Risk Management,,Financial Services,
Industries,Healthcare,https://gtmstack.pro/industries/healthcare,Supporting healthcare organizations in modernizing engagement strengthening patient experience and navigating compliance through secure data-driven GTM systems.,0.75,No,Healthcare | HIPAA | Patient Experience | Compliance,,Healthcare,
Industries,HealthTech & Digital Health,https://gtmstack.pro/industries/healthtech,Provider trust that drives adoption. HIPAA-compliant growth strategies that navigate complex buying committees.,0.75,Yes,HIPAA | Provider Marketing | Patient Acquisition | Health Systems,,HealthTech,
Industries,Manufacturing,https://gtmstack.pro/industries/manufacturing,Enabling manufacturers to modernize demand generation partner ecosystems and digital buyer journeys across complex supply chains and long sales cycles.,0.75,No,Manufacturing | Industrial | Supply Chain | Partner Ecosystems,,Manufacturing,
Industries,Developer Tools & DevOps,https://gtmstack.pro/industries/developer-tools,Bottom-up adoption that scales. Community-led growth routes that respect how engineers evaluate tools.,0.75,Yes,DevRel | Open Source | Community | Technical Content,,Developer Tools,
Industries,E-Commerce & Retail Tech,https://gtmstack.pro/industries/ecommerce,Revenue optimization across the commerce journey. Acquisition to retention strategies that maximize LTV.,0.75,No,D2C | Marketplace | Retention | Commerce Platforms,,E-Commerce,
Industries,Energy & Utilities,https://gtmstack.pro/industries/energy-utilities,Supporting energy and utility organizations as they modernize customer engagement and transition to data-driven operational models in regulated environments.,0.75,No,Energy | Utilities | Regulated Industries | Infrastructure,,Energy,
Industries,Public Sector & Education,https://gtmstack.pro/industries/public-sector-education,Enabling government and education organizations to modernize service delivery improve constituent experience and adopt data-driven GTM motions.,0.75,No,Public Sector | Education | Government | SLED,,Public Sector,
Industries,Public Sector & Government,https://gtmstack.pro/industries/pubsec-government,Modernizing citizen services with 2-Speed Architecture — stable legacy systems + agile cloud engagement. Digital transformation lead for government.,0.75,Yes,Public Sector | Government | 2-Speed Architecture | Citizen Services,,Government,
Industries,Retail & Ecommerce,https://gtmstack.pro/industries/retail-ecommerce,Helping retailers modernize customer engagement optimize omnichannel experiences and drive measurable revenue lift through data-driven activation.,0.75,No,Retail | Ecommerce | Omnichannel | Customer Experience,,Retail,
Industries,Supply Chain & Logistics,https://gtmstack.pro/industries/supply-chain-logistics,Helping supply chain and logistics organizations improve visibility accelerate decision-making and modernize customer engagement across complex ecosystems.,0.75,No,Supply Chain | Logistics | Transportation | 3PL,,Logistics,
Industries,Fleet Management & Logistics,https://gtmstack.pro/industries/fleet-management-logistics,Connected fleet intelligence and operational velocity. Turning data into route optimization and revenue for VP of Fleet Operations and Director of Logistics.,0.75,Yes,Fleet Management | Logistics | Connected Fleet | Sustainability,,Fleet Management,
Industries,Cybersecurity,https://gtmstack.pro/industries/cybersecurity,Trust-building that closes enterprise deals. Credibility strategies for skeptical security buyers.,0.75,No,CISO Marketing | Trust Building | Threat Content | Security Community,,Cybersecurity,
Industries,Climate Tech & Sustainability,https://gtmstack.pro/industries/climate-tech,Purpose-driven growth that scales. Navigate urgency with credibility to drive adoption.,0.75,No,Climate | Sustainability | Clean Energy | ESG,,Climate Tech,
Industries,Technology & SaaS,https://gtmstack.pro/industries/technology-saas,Helping SaaS companies scale acquisition retention and expansion through precision targeting product-led growth loops and modern revenue operations.,0.75,No,SaaS | Technology | PLG | RevOps,,Technology,
Industries,AI & Machine Learning,https://gtmstack.pro/industries/ai-ml,Differentiation in the AI revolution. Authentic positioning that cuts through hype to drive pipeline.,0.75,Yes,AI/ML | LLM | MLOps | Vertical AI,,AI/ML,
Case Studies,ABM System Launch,https://gtmstack.pro/case-studies/abm-system-launch-prgx,Built PRGX's first fully unified ABM system—integrating targeting personalization measurement and sales alignment to drive revenue impact.,0.7,Yes,ABM | Enterprise GTM | Sales Alignment | Account Intelligence,,PRGX Global
Case Studies,87% YoY Pipeline Growth via Unified ABM + RevOps Model,https://gtmstack.pro/case-studies/prgx-unified-revenue-operating-model,Architected a unified revenue operating model integrating ABM automation and attribution to scale predictable enterprise pipeline.,0.7,Yes,ABM | Revenue Operations | Attribution | Enterprise GTM,,PRGX Global
Case Studies,$1.2M Pipeline in 90 Days from Verticalized ABM,https://gtmstack.pro/case-studies/amcs-verticalized-abm-launch,Launched ABM engine for industrial/logistics buyers with verticalized messaging paid media and GTM orchestration.,0.7,Yes,ABM | Paid Media | Vertical GTM | Industrial SaaS,,AMCS Group
Case Studies,33% of Global Pipeline Influenced by ABM Activation,https://gtmstack.pro/case-studies/redhat-global-abm-activation,Scaled ABM Customer Activation framework across 200+ global enterprise accounts with lifecycle playbooks and standardized ops.,0.7,Yes,ABM | Lifecycle Marketing | Enterprise SaaS | Global Scale,,Red Hat
Case Studies,Reporting Cycle Cut from 4 Days to 2 Hours,https://gtmstack.pro/case-studies/salesforce-demandgen-analytics-platform,Rebuilt global demand gen analytics migrating spreadsheet scorecards to real-time executive dashboards.,0.7,Yes,Marketing Ops | Analytics | Dashboards | Demand Gen,,Salesforce
Case Studies,Revenue Analytics Dashboard,https://gtmstack.pro/case-studies/revenue-analytics-dashboard-salesforce,Transformed Salesforce's global NGO and Education GTM reporting by building a unified revenue analytics system.,0.7,Yes,Revenue Operations | Analytics | BI | Data Governance | Dashboards,,Salesforce
Case Studies,Data QA & Integrity Pipeline,https://gtmstack.pro/case-studies/data-qa-integrity-pipeline-salesforce,Built a rigorous data QA and validation pipeline connecting Oracle Business Objects and Salesforce CRM.,0.7,Yes,Data Governance | Data QA | BI | Data Integrity | Pipeline,,Salesforce
Case Studies,Singles & Doubles Playbook,https://gtmstack.pro/case-studies/singles-and-doubles-playbook-salesforce,Created a scalable campaign playbook for Salesforce Sales Cloud enabling repeatable high-impact plays.,0.7,Yes,Sales Enablement | Playbook | Campaign Framework | Sales Cloud,,Salesforce
Case Studies,Sales Cloud Global Campaigns,https://gtmstack.pro/case-studies/sales-cloud-global-campaigns-salesforce,Developed and executed global integrated campaigns for Salesforce Sales Cloud unifying messaging and content.,0.7,Yes,Global Campaigns | Sales Cloud | Campaign Architecture | Sales Enablement,,Salesforce
Case Studies,Content & SEO Infrastructure,https://gtmstack.pro/case-studies/content-and-seo-infrastructure-crowd-factory-marketo,Built a content and SEO foundation that turned Crowd Factory into a demand-generating content engine.,0.7,Yes,Content Marketing | SEO | Content Strategy | Thought Leadership,,Crowd Factory / Marketo
Case Studies,Event-to-Store Revenue Lift,https://gtmstack.pro/case-studies/event-to-store-lift-retail,Designed an event-led activation program that connected experiential marketing with in-store behavior.,0.7,Yes,Event Marketing | Retail | Field Activation | Attribution,,Retail Brand
Case Studies,Marketing Flight Planner — AI GTM Maturity Tool,https://gtmstack.pro/case-studies/marketing-flight-planner-ai-tool,AI-powered assessment tool connecting GTM maturity diagnostics to prioritized stack and execution roadmaps.,0.7,Yes,AI | GTM Strategy | Assessment | Systems Thinking,,Portfolio Artifact
Case Studies,Discrete Manufacturing ABM Journey,https://gtmstack.pro/case-studies/abm-journey-discrete-manufacturing-prgx,Designed an industry-specific ABM journey for discrete manufacturing accounts.,0.7,Yes,ABM | Manufacturing | Industry-Specific | Journey Design,,PRGX Global
Case Studies,End-to-End ABM Framework,https://gtmstack.pro/case-studies/end-to-end-abm-framework-amcs,Built a complete ABM framework for AMCS aligning ICP definition account selection and orchestration.,0.7,Yes,ABM | ICP Definition | Sales Alignment | Framework Design,,AMCS
Case Studies,Enterprise ABM Activation,https://gtmstack.pro/case-studies/enterprise-abm-activation-red-hat,Designed and deployed global ABM activation programs for enterprise accounts.,0.7,Yes,ABM | Enterprise GTM | Lifecycle Marketing | Sales Alignment,,Red Hat
Case Studies,Fortune 50 ABM + Event Engine,https://gtmstack.pro/case-studies/salesforce-fortune50-abm-events,Established ABM Center of Excellence and high-ROI event motions for Fortune 50 enterprise accounts.,0.7,No,ABM | Events | Enterprise GTM | Vertical Marketing,,Salesforce
Case Studies,164% YoY Traffic Growth + 43% QoQ Lead Lift,https://gtmstack.pro/case-studies/getsatisfaction-growth-automation,Scaled inbound demand through Marketo automation nurture architecture and SEO/content velocity.,0.7,No,Marketing Automation | SEO | Inbound Growth,,Get Satisfaction / Crowd Factory
Case Studies,500% YoY Client Growth via SMB SEO + PPC System,https://gtmstack.pro/case-studies/salemglobal-smb-seo-ppc-engine,Built repeatable SEO/PPC program for SMBs and agencies using microsite authority networks.,0.7,No,SEO | PPC | SMB Growth | Digital Agency,,Salem Global Internet
Case Studies,Career World 4D — Interactive Resume Map,https://gtmstack.pro/case-studies/career-world-4d-interactive-resume,Isometric interactive career map demonstrating systems thinking UX design and GTM narrative.,0.7,No,Personal Brand | UX | Data Visualization,,Portfolio Artifact
Services,Content Marketing,https://gtmstack.pro/services/content-marketing,Strategic content development and content marketing services.,0.65,No,,,
Services,Demand Generation,https://gtmstack.pro/services/demand-generation,Comprehensive demand generation programs and pipeline creation.,0.65,No,,,
Services,Paid Advertising,https://gtmstack.pro/services/paid-advertising,Performance media and paid advertising management.,0.65,No,,,
Services,SEO,https://gtmstack.pro/services/seo,Search engine optimization and organic growth strategies.,0.65,No,,,
Services,Social Media,https://gtmstack.pro/services/social-media,Social media strategy and content programs.,0.65,No,,,
Services,Video Creative,https://gtmstack.pro/services/video-creative,Video content creation and creative production.,0.65,No,,,
